user_id,email,country,gender,join_date,is_trial,trial_end_date,converted,churned,churn_date
1,kevinscott@example.net,India,Female,2023-08-02,False,2023-09-01,True,False,
2,pricecharles@example.com,US,Female,2021-05-16,False,2021-06-15,True,False,
3,waltonchristy@example.com,India,Male,2023-10-17,False,2023-11-16,True,False,
4,merrittisaac@example.com,India,Female,2023-04-24,False,2023-05-24,False,True,2024-01-19
5,kennedyerin@example.org,India,Female,2021-04-21,False,2021-05-21,False,True,2022-01-16
6,gtran@example.com,India,Non-Binary,2024-01-06,False,2024-02-05,True,False,
7,egarcia@example.org,UK,Male,2021-03-27,False,2021-04-26,True,False,
8,mary36@example.com,India,Male,2024-11-15,False,2024-12-15,True,False,
9,jwilson@example.com,India,Female,2023-11-30,False,2023-12-30,True,False,
10,popeangela@example.com,India,Male,2021-03-16,False,2021-04-15,False,True,2021-04-15
11,dmiller@example.com,India,Male,2021-11-20,False,2021-12-20,True,False,
12,terrytodd@example.com,India,Male,2022-01-05,False,2022-02-04,False,True,2022-02-04
13,kimberly31@example.net,India,Female,2023-05-21,False,2023-06-20,False,True,2024-06-14
14,nspence@example.org,India,Female,2023-01-03,False,2023-02-02,True,False,
15,hernandezangela@example.net,India,Male,2020-06-10,False,2020-07-10,True,False,
16,donald90@example.org,India,Male,2023-06-20,False,2023-07-20,False,True,2023-07-20
17,romanjenna@example.net,India,Female,2022-01-10,False,2022-02-09,True,False,
18,stephanie15@example.org,Germany,Female,2020-04-03,False,2020-05-03,True,False,
19,wjohnson@example.com,India,Male,2020-06-12,False,2020-07-12,False,True,2020-07-12
20,mcguirerobert@example.net,US,Male,2024-11-09,False,2024-12-09,True,False,
21,yrandolph@example.org,India,Female,2023-07-25,False,2023-08-24,False,True,2023-08-24
22,curtis50@example.org,India,Female,2020-11-29,False,2020-12-29,True,False,
23,david43@example.net,India,Female,2021-06-30,False,2021-07-30,True,False,
24,timwalker@example.net,India,Female,2020-05-26,False,2020-06-25,True,False,
25,ramirezbrian@example.net,India,Male,2024-02-02,False,2024-03-03,True,False,
26,alan01@example.org,Germany,Female,2021-07-06,False,2021-08-05,False,True,2021-08-05
27,fmurillo@example.com,Australia,Female,2023-08-03,False,2023-09-02,True,False,
28,morgansmith@example.com,India,Female,2021-10-26,False,2021-11-25,False,True,2021-11-25
29,stevensbrett@example.org,India,Male,2024-05-08,False,2024-06-07,True,False,
30,rmoss@example.net,India,Male,2024-07-06,False,2024-08-05,True,False,
31,elizabeth84@example.net,India,Male,2021-03-08,False,2021-04-07,False,True,2021-04-07
32,brendabell@example.com,UK,Male,2023-03-07,False,2023-04-06,False,True,2023-04-06
33,tinaharrison@example.org,India,Female,2021-10-06,False,2021-11-05,True,False,
34,qlove@example.org,India,Female,2024-12-16,False,2025-01-15,False,True,2025-01-15
35,troyfoster@example.com,India,Non-Binary,2022-07-28,False,2022-08-27,False,True,2023-05-24
36,pmckinney@example.com,US,Male,2024-03-09,False,2024-04-08,True,False,
37,lrodriguez@example.net,India,Female,2022-03-28,False,2022-04-27,True,False,
38,johnallen@example.org,US,Female,2020-10-10,False,2020-11-09,False,True,2021-04-08
39,wanda10@example.net,US,Male,2024-10-29,False,2024-11-28,True,False,
40,zberry@example.net,India,Male,2024-06-10,False,2024-07-10,True,False,
41,abrown@example.net,UK,Female,2022-02-27,False,2022-03-29,True,False,
42,harrismichael@example.org,India,Male,2022-12-19,False,2023-01-18,True,False,
43,cheryl86@example.net,India,Male,2020-01-24,False,2020-02-23,False,True,2020-11-19
44,williamjones@example.com,US,Female,2024-04-23,False,2024-05-23,False,True,2024-12-31
45,petermcmillan@example.com,Canada,Male,2020-11-19,False,2020-12-19,True,False,
46,jgarcia@example.net,India,Female,2024-11-28,False,2024-12-28,True,False,
47,castilloelizabeth@example.com,US,Female,2024-04-09,False,2024-05-09,True,False,
48,rortega@example.org,US,Female,2024-11-17,False,2024-12-17,True,False,
49,ldavis@example.org,India,Male,2022-11-05,False,2022-12-05,True,False,
50,calvindillon@example.org,India,Male,2024-04-10,False,2024-05-10,True,False,
51,clairerobinson@example.net,India,Female,2022-12-22,False,2023-01-21,False,True,2023-01-21
52,savagetabitha@example.net,India,Female,2023-05-11,False,2023-06-10,False,True,2024-04-05
53,mccartymorgan@example.org,Canada,Male,2024-12-04,False,2025-01-03,False,True,2025-01-03
54,fbutler@example.com,India,Female,2024-07-10,False,2024-08-09,False,True,2024-12-31
55,gilbertrobert@example.com,India,Male,2020-06-24,False,2020-07-24,True,False,
56,swalker@example.com,India,Male,2024-04-06,False,2024-05-06,False,True,2024-12-31
57,karen81@example.org,Canada,Female,2023-01-30,False,2023-03-01,True,False,
58,fosterwilliam@example.net,India,Female,2023-05-27,False,2023-06-26,True,False,
59,bowerswilliam@example.com,UK,Male,2023-01-09,False,2023-02-08,True,False,
60,donovanlisa@example.org,Canada,Female,2023-12-31,False,2024-01-30,True,False,
61,conniedecker@example.org,UK,Female,2023-08-23,False,2023-09-22,True,False,
62,keycharles@example.net,India,Male,2022-07-13,False,2022-08-12,True,False,
63,walkerdeborah@example.net,India,Male,2021-11-23,False,2021-12-23,True,False,
64,rduke@example.org,UK,Female,2023-04-20,False,2023-05-20,False,True,2023-10-17
65,anthony96@example.net,India,Female,2021-04-13,False,2021-05-13,False,True,2022-03-09
66,pbarker@example.com,India,Male,2020-05-25,False,2020-06-24,True,False,
67,amberwatson@example.net,India,Male,2022-09-21,False,2022-10-21,False,True,2023-10-16
68,lunajohnny@example.com,Australia,Male,2021-05-12,False,2021-06-11,True,False,
69,campbellpaige@example.com,India,Female,2021-01-24,False,2021-02-23,True,False,
70,adam01@example.com,India,Non-Binary,2021-12-26,False,2022-01-25,True,False,
71,stewartdeborah@example.com,Germany,Male,2024-02-02,False,2024-03-03,True,False,
72,umonroe@example.com,India,Male,2023-08-16,False,2023-09-15,True,False,
73,adamsdavid@example.net,India,Male,2021-11-25,False,2021-12-25,False,True,2021-12-25
74,michelle47@example.org,India,Female,2020-08-11,False,2020-09-10,True,False,
75,zgilbert@example.org,India,Male,2022-07-07,False,2022-08-06,True,False,
76,nguyenjulie@example.com,Canada,Male,2022-08-05,False,2022-09-04,True,False,
77,emily40@example.com,India,Female,2022-06-26,False,2022-07-26,False,True,2022-07-26
78,hvincent@example.net,France,Male,2024-10-19,False,2024-11-18,False,True,2024-12-31
79,robert66@example.net,US,Female,2020-07-10,False,2020-08-09,False,True,2020-08-09
80,eric10@example.net,India,Female,2024-10-04,False,2024-11-03,True,False,
81,qhill@example.org,India,Female,2022-09-12,False,2022-10-12,True,False,
82,edwinarnold@example.net,India,Female,2020-04-30,False,2020-05-30,False,True,2021-04-25
83,bowmanmichael@example.org,India,Female,2021-06-27,False,2021-07-27,False,True,2021-07-27
84,angelaflores@example.com,India,Male,2024-05-26,False,2024-06-25,True,False,
85,robertlee@example.org,India,Female,2024-02-05,False,2024-03-06,False,True,2024-03-06
86,william99@example.com,US,Male,2023-02-12,False,2023-03-14,True,False,
87,seansolomon@example.net,India,Male,2021-01-23,False,2021-02-22,True,False,
88,stephanieperez@example.com,India,Male,2023-04-01,False,2023-05-01,False,True,2024-02-25
89,jacob25@example.org,US,Male,2020-04-27,False,2020-05-27,True,False,
90,evelynkim@example.com,Australia,Male,2024-10-12,False,2024-11-11,False,True,2024-12-31
91,petersendavid@example.org,India,Male,2024-10-09,False,2024-11-08,True,False,
92,eyoung@example.net,Canada,Female,2023-10-14,False,2023-11-13,False,True,2023-11-13
93,fburns@example.org,India,Female,2022-04-06,False,2022-05-06,True,False,
94,gmedina@example.org,UK,Female,2021-05-19,False,2021-06-18,False,True,2021-12-15
95,parkerjohnny@example.net,India,Male,2022-05-08,False,2022-06-07,True,False,
96,mrobinson@example.com,India,Female,2021-10-09,False,2021-11-08,False,True,2021-11-08
97,gandrade@example.com,Canada,Female,2021-02-22,False,2021-03-24,True,False,
98,mercadoelizabeth@example.com,India,Male,2021-06-27,False,2021-07-27,True,False,
99,blevinsnicholas@example.org,US,Female,2021-09-06,False,2021-10-06,True,False,
100,josephbrown@example.net,Canada,Female,2020-05-28,False,2020-06-27,True,False,
101,ukelly@example.net,India,Male,2023-02-27,False,2023-03-29,False,True,2023-03-29
102,loristewart@example.com,India,Female,2020-05-30,False,2020-06-29,True,False,
103,czuniga@example.org,India,Male,2020-09-28,False,2020-10-28,False,True,2020-10-28
104,sarah55@example.org,India,Female,2024-12-09,False,2025-01-08,True,False,
105,rittermary@example.org,India,Male,2021-08-06,False,2021-09-05,True,False,
106,diamond90@example.com,India,Female,2023-12-11,False,2024-01-10,True,False,
107,tmendoza@example.net,US,Male,2024-07-10,False,2024-08-09,False,True,2024-12-31
108,jonathanbrown@example.org,US,Male,2023-09-20,False,2023-10-20,True,False,
109,kmiller@example.com,India,Female,2021-06-25,False,2021-07-25,False,True,2022-02-20
110,fgallegos@example.com,India,Female,2021-07-11,False,2021-08-10,True,False,
111,roberthaynes@example.net,US,Female,2021-12-03,False,2022-01-02,True,False,
112,shannontorres@example.net,India,Male,2021-06-24,False,2021-07-24,True,False,
113,penny03@example.org,India,Male,2024-09-28,False,2024-10-28,True,False,
114,sabrinarobertson@example.net,Germany,Male,2024-08-25,False,2024-09-24,False,True,2024-12-31
115,hansenkevin@example.org,Canada,Female,2023-07-28,False,2023-08-27,False,True,2023-08-27
116,cameronholly@example.com,US,Female,2020-11-26,False,2020-12-26,True,False,
117,harmonsamuel@example.net,India,Female,2022-05-25,False,2022-06-24,False,True,2023-01-20
118,webbjoyce@example.org,India,Female,2023-01-22,False,2023-02-21,True,False,
119,cookevanessa@example.com,India,Male,2023-02-05,False,2023-03-07,False,True,2023-12-02
120,brandyrogers@example.org,India,Male,2022-01-16,False,2022-02-15,False,True,2022-02-15
121,qosborn@example.net,Australia,Female,2024-06-18,False,2024-07-18,False,True,2024-07-18
122,nmontgomery@example.com,Canada,Male,2020-03-22,False,2020-04-21,False,True,2020-04-21
123,sbarnes@example.org,India,Female,2021-03-06,False,2021-04-05,True,False,
124,christinecontreras@example.org,India,Non-Binary,2021-12-25,False,2022-01-24,True,False,
125,nancy35@example.org,Germany,Female,2022-04-12,False,2022-05-12,False,True,2022-05-12
126,michaellee@example.net,India,Male,2024-03-14,False,2024-04-13,True,False,
127,greershirley@example.com,UK,Male,2024-11-05,False,2024-12-05,True,False,
128,mgraham@example.net,India,Female,2020-12-28,False,2021-01-27,False,True,2021-01-27
129,courtneyhughes@example.net,Australia,Female,2020-02-20,False,2020-03-21,True,False,
130,angela24@example.net,India,Male,2024-05-21,False,2024-06-20,False,True,2024-06-20
131,stephendurham@example.net,India,Non-Binary,2024-06-30,False,2024-07-30,True,False,
132,monique83@example.org,India,Female,2021-05-23,False,2021-06-22,True,False,
133,gmurillo@example.com,UK,Female,2020-08-09,False,2020-09-08,False,True,2021-09-03
134,hernandeztyler@example.org,US,Female,2021-03-31,False,2021-04-30,True,False,
135,burnsjennifer@example.org,India,Male,2021-12-17,False,2022-01-16,True,False,
136,lisaibarra@example.com,UK,Female,2021-04-11,False,2021-05-11,True,False,
137,nguyenrobert@example.net,UK,Female,2022-03-27,False,2022-04-26,True,False,
138,xmartinez@example.org,India,Female,2024-05-02,False,2024-06-01,True,False,
139,mark00@example.org,US,Female,2022-03-29,False,2022-04-28,True,False,
140,xdiaz@example.org,US,Female,2021-11-09,False,2021-12-09,False,True,2021-12-09
141,bmorrison@example.net,Canada,Male,2020-08-24,False,2020-09-23,False,True,2020-09-23
142,silvaconnie@example.com,India,Male,2021-06-18,False,2021-07-18,True,False,
143,donaldsonbrianna@example.org,India,Male,2021-06-27,False,2021-07-27,True,False,
144,davidgray@example.com,India,Female,2021-12-08,False,2022-01-07,True,False,
145,bgutierrez@example.com,India,Female,2023-05-26,False,2023-06-25,False,True,2023-06-25
146,chadguzman@example.net,India,Male,2020-08-24,False,2020-09-23,True,False,
147,browningbrian@example.net,UK,Male,2021-06-05,False,2021-07-05,True,False,
148,jenniferallen@example.net,India,Female,2022-11-30,False,2022-12-30,False,True,2022-12-30
149,stevenscurtis@example.org,US,Male,2023-01-07,False,2023-02-06,True,False,
150,kirkhector@example.com,India,Male,2024-02-18,False,2024-03-19,True,False,
151,youngashley@example.net,India,Female,2020-05-23,False,2020-06-22,False,True,2020-06-22
152,howard69@example.net,India,Female,2021-11-07,False,2021-12-07,True,False,
153,erussell@example.net,US,Non-Binary,2020-09-12,False,2020-10-12,True,False,
154,melissa21@example.net,India,Male,2021-09-25,False,2021-10-25,True,False,
155,robertolucero@example.org,US,Male,2023-11-28,False,2023-12-28,False,True,2024-11-22
156,jrush@example.com,India,Male,2023-09-23,False,2023-10-23,False,True,2023-10-23
157,samanthapoole@example.org,India,Non-Binary,2023-10-19,False,2023-11-18,True,False,
158,lawrencezachary@example.org,UK,Female,2023-03-11,False,2023-04-10,True,False,
159,kbean@example.com,India,Male,2020-01-01,False,2020-01-31,True,False,
160,tara82@example.com,India,Male,2024-05-28,False,2024-06-27,True,False,
161,yescobar@example.org,India,Female,2022-08-10,False,2022-09-09,True,False,
162,jasondavis@example.org,US,Male,2022-11-12,False,2022-12-12,True,False,
163,johnsonbrian@example.com,Australia,Female,2024-06-18,False,2024-07-18,True,False,
164,garciatony@example.org,India,Female,2021-08-04,False,2021-09-03,True,False,
165,webertanya@example.com,India,Male,2021-11-17,False,2021-12-17,True,False,
166,castillostephanie@example.org,India,Female,2021-04-26,False,2021-05-26,True,False,
167,mark26@example.com,India,Male,2021-02-11,False,2021-03-13,False,True,2022-03-08
168,phillipsdaniel@example.org,India,Male,2023-06-05,False,2023-07-05,False,True,2023-07-05
169,jhayes@example.org,UK,Female,2020-05-29,False,2020-06-28,True,False,
170,elizabethpalmer@example.com,India,Male,2023-03-24,False,2023-04-23,True,False,
171,caitlyn16@example.net,India,Male,2022-10-09,False,2022-11-08,False,True,2023-04-07
172,michaeltyler@example.com,India,Male,2024-03-17,False,2024-04-16,False,True,2024-04-16
173,michaelfoster@example.net,India,Female,2024-12-18,False,2025-01-17,True,False,
174,alicia86@example.net,India,Male,2020-12-26,False,2021-01-25,False,True,2021-01-25
175,zclark@example.org,India,Female,2023-11-26,False,2023-12-26,False,True,2024-08-22
176,elloyd@example.com,India,Female,2024-10-03,False,2024-11-02,False,True,2024-12-31
177,wendy37@example.org,US,Male,2023-09-29,False,2023-10-29,True,False,
178,rodriguezbeth@example.net,India,Female,2021-10-11,False,2021-11-10,False,True,2021-11-10
179,lopezlaurie@example.com,India,Female,2024-12-30,False,2025-01-29,True,False,
180,cummingsandrea@example.com,Australia,Female,2024-12-31,False,2025-01-30,True,False,
181,danny79@example.net,India,Female,2023-01-27,False,2023-02-26,True,False,
182,amber89@example.com,India,Female,2024-10-30,False,2024-11-29,True,False,
183,cjohnson@example.org,Australia,Male,2021-05-21,False,2021-06-20,False,True,2021-06-20
184,craigdavenport@example.com,Germany,Female,2021-07-21,False,2021-08-20,True,False,
185,shirley18@example.org,India,Male,2023-07-07,False,2023-08-06,True,False,
186,pereznicole@example.org,India,Male,2024-01-01,False,2024-01-31,True,False,
187,vsmith@example.org,India,Female,2021-10-16,False,2021-11-15,False,True,2021-11-15
188,terryrodriguez@example.com,India,Male,2020-06-14,False,2020-07-14,True,False,
189,blackmeredith@example.net,UK,Male,2023-11-22,False,2023-12-22,True,False,
190,owilliams@example.com,UK,Male,2022-04-29,False,2022-05-29,True,False,
191,daltonmargaret@example.com,India,Female,2022-05-01,False,2022-05-31,True,False,
192,jessicaroach@example.com,India,Female,2022-03-08,False,2022-04-07,False,True,2022-04-07
193,warnerzachary@example.org,US,Female,2023-04-11,False,2023-05-11,False,True,2023-05-11
194,karenrocha@example.com,India,Male,2020-02-10,False,2020-03-11,False,True,2020-03-11
195,courtneypollard@example.com,US,Female,2024-04-16,False,2024-05-16,True,False,
196,williamromero@example.com,Japan,Male,2021-12-21,False,2022-01-20,True,False,
197,mendezwalter@example.net,India,Female,2024-12-31,False,2025-01-30,False,True,2025-01-30
198,andrewross@example.com,India,Female,2022-05-08,False,2022-06-07,True,False,
199,jermainepalmer@example.net,UK,Male,2024-06-26,False,2024-07-26,True,False,
200,youngmegan@example.com,US,Female,2021-03-25,False,2021-04-24,True,False,
201,tracy10@example.net,India,Female,2022-03-07,False,2022-04-06,True,False,
202,emathews@example.org,India,Female,2022-04-08,False,2022-05-08,True,False,
203,brendahampton@example.org,India,Female,2020-09-18,False,2020-10-18,False,True,2020-10-18
204,gary07@example.net,India,Male,2022-12-29,False,2023-01-28,True,False,
205,jenniferpearson@example.org,Canada,Male,2023-03-01,False,2023-03-31,False,True,2024-02-24
206,kelsey40@example.org,India,Female,2020-10-04,False,2020-11-03,False,True,2020-11-03
207,patrickbrown@example.org,Australia,Female,2021-01-07,False,2021-02-06,True,False,
208,reedmartin@example.com,India,Male,2021-03-09,False,2021-04-08,True,False,
209,jennifer47@example.net,India,Male,2024-12-06,False,2025-01-05,True,False,
210,shannonmoody@example.com,US,Female,2024-08-30,False,2024-09-29,True,False,
211,troyterrell@example.com,US,Female,2022-08-21,False,2022-09-20,True,False,
212,rachel94@example.net,India,Female,2021-12-17,False,2022-01-16,False,True,2022-06-15
213,gthomas@example.net,India,Female,2024-03-24,False,2024-04-23,True,False,
214,natasha24@example.org,India,Female,2024-09-14,False,2024-10-14,True,False,
215,fwilliams@example.com,India,Male,2020-09-15,False,2020-10-15,False,True,2021-06-12
216,palmeralice@example.com,India,Female,2022-08-10,False,2022-09-09,True,False,
217,stephanie52@example.org,India,Male,2020-12-09,False,2021-01-08,True,False,
218,scott51@example.com,India,Female,2024-01-11,False,2024-02-10,True,False,
219,rhale@example.org,India,Female,2021-09-29,False,2021-10-29,False,True,2022-07-26
220,devin84@example.com,US,Male,2023-03-25,False,2023-04-24,True,False,
221,fordnicholas@example.com,India,Non-Binary,2022-03-23,False,2022-04-22,False,True,2022-04-22
222,brownmeghan@example.com,India,Male,2021-02-10,False,2021-03-12,True,False,
223,kimberlytorres@example.org,UK,Female,2023-07-08,False,2023-08-07,True,False,
224,pmorales@example.org,France,Female,2021-09-09,False,2021-10-09,False,True,2021-10-09
225,zguerra@example.org,India,Male,2023-05-14,False,2023-06-13,False,True,2023-06-13
226,michael22@example.org,US,Female,2024-06-18,False,2024-07-18,False,True,2024-07-18
227,alvarezkenneth@example.org,India,Female,2024-05-21,False,2024-06-20,True,False,
228,susanrice@example.net,India,Female,2023-09-16,False,2023-10-16,True,False,
229,michael07@example.com,India,Male,2021-11-29,False,2021-12-29,True,False,
230,tsmith@example.org,India,Male,2022-09-30,False,2022-10-30,True,False,
231,nkim@example.net,India,Female,2023-07-25,False,2023-08-24,False,True,2023-08-24
232,william13@example.com,US,Female,2022-07-30,False,2022-08-29,True,False,
233,kendraking@example.com,Germany,Male,2024-02-11,False,2024-03-12,True,False,
234,katelyn79@example.com,India,Female,2023-06-15,False,2023-07-15,False,True,2023-07-15
235,todd82@example.org,India,Non-Binary,2023-01-07,False,2023-02-06,True,False,
236,garciabreanna@example.com,India,Non-Binary,2024-08-18,False,2024-09-17,True,False,
237,hjoseph@example.net,India,Female,2024-10-10,False,2024-11-09,True,False,
238,nbrown@example.com,India,Non-Binary,2021-07-25,False,2021-08-24,False,True,2021-08-24
239,brandonreynolds@example.com,India,Female,2021-05-14,False,2021-06-13,True,False,
240,connieparsons@example.net,Germany,Female,2023-09-30,False,2023-10-30,False,True,2024-08-25
241,aaron94@example.org,India,Female,2021-01-07,False,2021-02-06,True,False,
242,timothybaker@example.org,India,Female,2021-06-13,False,2021-07-13,True,False,
243,bergerlatasha@example.net,India,Female,2023-12-07,False,2024-01-06,False,True,2024-01-06
244,ntaylor@example.net,India,Male,2023-02-12,False,2023-03-14,True,False,
245,shannonscott@example.net,Australia,Female,2020-06-24,False,2020-07-24,True,False,
246,markkent@example.org,India,Female,2023-02-11,False,2023-03-13,True,False,
247,peterpage@example.net,India,Male,2023-08-15,False,2023-09-14,True,False,
248,stacy14@example.org,India,Male,2020-02-05,False,2020-03-06,True,False,
249,danielcummings@example.org,India,Male,2023-11-17,False,2023-12-17,True,False,
250,victoria48@example.net,Germany,Non-Binary,2022-01-25,False,2022-02-24,True,False,
251,rebecca46@example.com,US,Female,2022-05-21,False,2022-06-20,False,True,2022-06-20
252,derek97@example.com,India,Female,2023-02-01,False,2023-03-03,True,False,
253,ryandavis@example.com,US,Male,2021-07-08,False,2021-08-07,True,False,
254,vrivera@example.org,Canada,Female,2024-01-17,False,2024-02-16,False,True,2024-09-13
255,ldickerson@example.org,Australia,Female,2021-01-27,False,2021-02-26,True,False,
256,antonio37@example.org,India,Male,2024-01-23,False,2024-02-22,True,False,
257,guerrachloe@example.com,Australia,Female,2023-05-07,False,2023-06-06,False,True,2024-02-01
258,charles37@example.com,India,Male,2021-08-29,False,2021-09-28,True,False,
259,charlesmcclure@example.com,India,Female,2020-01-29,False,2020-02-28,False,True,2020-07-27
260,emelton@example.org,France,Male,2020-04-21,False,2020-05-21,True,False,
261,bhill@example.org,India,Male,2020-09-15,False,2020-10-15,True,False,
262,julie34@example.com,Germany,Female,2020-07-29,False,2020-08-28,False,True,2020-08-28
263,owells@example.net,UK,Male,2023-03-21,False,2023-04-20,True,False,
264,obrientracy@example.org,India,Male,2021-11-28,False,2021-12-28,False,True,2022-12-23
265,fosterchristopher@example.com,India,Female,2020-08-21,False,2020-09-20,False,True,2020-09-20
266,boonedavid@example.com,UK,Non-Binary,2022-03-31,False,2022-04-30,True,False,
267,rdickson@example.net,Japan,Female,2023-11-06,False,2023-12-06,False,True,2024-09-01
268,sarroyo@example.net,US,Female,2020-06-23,False,2020-07-23,False,True,2020-07-23
269,karenwyatt@example.net,UK,Male,2020-08-30,False,2020-09-29,True,False,
270,christineyork@example.net,India,Male,2023-05-05,False,2023-06-04,True,False,
271,sharpgina@example.net,Australia,Female,2022-12-06,False,2023-01-05,True,False,
272,riveralauren@example.com,India,Female,2021-08-31,False,2021-09-30,False,True,2021-09-30
273,charlesfitzgerald@example.net,India,Male,2022-05-28,False,2022-06-27,True,False,
274,kevin12@example.com,India,Female,2023-06-02,False,2023-07-02,False,True,2023-07-02
275,rodriguezjames@example.com,India,Female,2020-07-22,False,2020-08-21,False,True,2020-08-21
276,michael18@example.org,India,Female,2021-03-01,False,2021-03-31,True,False,
277,brooke99@example.net,India,Female,2020-06-15,False,2020-07-15,True,False,
278,sanchezelizabeth@example.com,UK,Male,2020-06-02,False,2020-07-02,True,False,
279,christophermitchell@example.org,India,Male,2023-11-12,False,2023-12-12,True,False,
280,hdelgado@example.net,US,Female,2021-04-19,False,2021-05-19,True,False,
281,william25@example.net,US,Male,2024-10-26,False,2024-11-25,True,False,
282,aturner@example.org,India,Male,2021-06-25,False,2021-07-25,True,False,
283,charlesbarnes@example.org,India,Female,2023-09-16,False,2023-10-16,False,True,2023-10-16
284,bradleysmith@example.org,India,Male,2021-02-09,False,2021-03-11,True,False,
285,burnsshawn@example.com,Canada,Male,2023-08-19,False,2023-09-18,True,False,
286,dominguezmichelle@example.com,India,Female,2020-10-18,False,2020-11-17,True,False,
287,mason26@example.org,India,Female,2021-09-21,False,2021-10-21,True,False,
288,williamturner@example.com,UK,Female,2021-08-14,False,2021-09-13,True,False,
289,stricklandthomas@example.com,India,Female,2021-09-14,False,2021-10-14,True,False,
290,pbradshaw@example.org,India,Male,2022-10-21,False,2022-11-20,True,False,
291,isabella30@example.com,India,Non-Binary,2023-05-09,False,2023-06-08,True,False,
292,erindeleon@example.net,India,Male,2021-10-22,False,2021-11-21,False,True,2022-07-19
293,wbrewer@example.org,India,Male,2023-10-12,False,2023-11-11,False,True,2023-11-11
294,brenda34@example.org,India,Male,2023-03-24,False,2023-04-23,False,True,2024-01-18
295,deborahroberts@example.com,India,Male,2023-03-26,False,2023-04-25,True,False,
296,dhartman@example.com,India,Female,2022-08-21,False,2022-09-20,True,False,
297,stephanie11@example.org,India,Male,2021-07-23,False,2021-08-22,True,False,
298,kimberly43@example.com,Canada,Male,2023-07-24,False,2023-08-23,False,True,2023-08-23
299,zwright@example.org,US,Male,2020-07-05,False,2020-08-04,True,False,
300,robinsonnancy@example.org,India,Male,2021-10-19,False,2021-11-18,True,False,
301,tbooker@example.net,India,Male,2021-11-06,False,2021-12-06,True,False,
302,kristinscott@example.org,India,Male,2023-09-18,False,2023-10-18,False,True,2023-10-18
303,pollardmelanie@example.net,India,Male,2024-07-24,False,2024-08-23,False,True,2024-12-31
304,xscott@example.net,India,Male,2021-10-06,False,2021-11-05,False,True,2022-10-01
305,russoangela@example.org,India,Female,2024-11-06,False,2024-12-06,True,False,
306,jonesalbert@example.org,India,Female,2023-09-08,False,2023-10-08,False,True,2023-10-08
307,lmiranda@example.net,India,Male,2022-08-04,False,2022-09-03,True,False,
308,evan68@example.net,UK,Female,2022-01-10,False,2022-02-09,True,False,
309,jeffreywilliams@example.org,India,Male,2022-06-24,False,2022-07-24,True,False,
310,zpope@example.net,UK,Female,2023-01-29,False,2023-02-28,True,False,
311,ortegalinda@example.net,India,Male,2024-12-08,False,2025-01-07,False,True,2024-12-31
312,amy69@example.com,India,Female,2023-12-24,False,2024-01-23,True,False,
313,ncortez@example.com,India,Male,2023-02-05,False,2023-03-07,True,False,
314,imorrison@example.net,India,Female,2024-09-19,False,2024-10-19,False,True,2024-10-19
315,theresa80@example.com,India,Male,2022-08-03,False,2022-09-02,False,True,2022-09-02
316,stephenyates@example.org,US,Female,2023-08-19,False,2023-09-18,False,True,2023-09-18
317,james25@example.com,India,Female,2022-10-17,False,2022-11-16,False,True,2022-11-16
318,xpoole@example.net,India,Male,2021-08-20,False,2021-09-19,True,False,
319,larry90@example.org,India,Male,2024-09-05,False,2024-10-05,True,False,
320,millerwendy@example.org,India,Male,2022-07-24,False,2022-08-23,True,False,
321,fgomez@example.org,India,Male,2023-05-12,False,2023-06-11,True,False,
322,jay39@example.com,India,Male,2024-11-04,False,2024-12-04,True,False,
323,mcgeetina@example.net,India,Female,2024-10-15,False,2024-11-14,True,False,
324,brian52@example.org,India,Female,2022-11-05,False,2022-12-05,False,True,2023-09-01
325,ramoskelly@example.net,US,Female,2024-09-11,False,2024-10-11,True,False,
326,deborahwebb@example.com,India,Female,2022-09-29,False,2022-10-29,False,True,2022-10-29
327,zrussell@example.org,India,Female,2022-07-03,False,2022-08-02,True,False,
328,jbrown@example.org,India,Male,2023-02-04,False,2023-03-06,True,False,
329,anna51@example.net,India,Male,2021-10-21,False,2021-11-20,False,True,2021-11-20
330,ricky66@example.com,India,Female,2023-11-29,False,2023-12-29,True,False,
331,lscott@example.net,India,Non-Binary,2024-10-19,False,2024-11-18,False,True,2024-12-31
332,kristin36@example.org,India,Male,2023-12-15,False,2024-01-14,False,True,2024-01-14
333,jamestaylor@example.net,India,Male,2022-02-19,False,2022-03-21,True,False,
334,douglaspotter@example.net,India,Male,2024-08-07,False,2024-09-06,True,False,
335,kerrjordan@example.org,India,Male,2020-03-16,False,2020-04-15,True,False,
336,jose54@example.org,India,Female,2021-11-10,False,2021-12-10,False,True,2021-12-10
337,cjones@example.net,India,Female,2024-11-25,False,2024-12-25,False,True,2024-12-25
338,jennifersimpson@example.org,India,Non-Binary,2020-07-23,False,2020-08-22,True,False,
339,joseph29@example.org,India,Male,2024-01-19,False,2024-02-18,True,False,
340,jason79@example.com,Germany,Female,2020-11-12,False,2020-12-12,True,False,
341,michaelhodges@example.org,UK,Male,2021-06-26,False,2021-07-26,True,False,
342,michael58@example.com,India,Female,2023-08-23,False,2023-09-22,True,False,
343,cameronwells@example.org,Canada,Female,2023-10-13,False,2023-11-12,False,True,2023-11-12
344,bweaver@example.com,India,Male,2022-02-17,False,2022-03-19,False,True,2022-03-19
345,matthewsevan@example.com,US,Male,2023-07-07,False,2023-08-06,True,False,
346,hhopkins@example.org,India,Male,2024-11-21,False,2024-12-21,True,False,
347,christiandavis@example.org,India,Male,2021-04-25,False,2021-05-25,True,False,
348,reyesrachel@example.org,India,Female,2021-04-10,False,2021-05-10,True,False,
349,sabrinaterrell@example.org,India,Female,2020-07-20,False,2020-08-19,True,False,
350,carolguzman@example.org,India,Female,2020-07-24,False,2020-08-23,True,False,
351,tjackson@example.com,India,Male,2020-02-29,False,2020-03-30,True,False,
352,bgibson@example.net,India,Male,2021-08-23,False,2021-09-22,True,False,
353,bbecker@example.org,India,Non-Binary,2021-05-15,False,2021-06-14,True,False,
354,oliverchristine@example.com,India,Female,2024-06-11,False,2024-07-11,True,False,
355,steven97@example.com,India,Female,2023-06-02,False,2023-07-02,False,True,2023-07-02
356,jennifer74@example.net,US,Female,2023-06-23,False,2023-07-23,True,False,
357,andrewrussell@example.net,India,Male,2023-04-09,False,2023-05-09,True,False,
358,tracyhowell@example.com,India,Female,2021-06-04,False,2021-07-04,True,False,
359,sylviarose@example.org,UK,Non-Binary,2024-07-05,False,2024-08-04,True,False,
360,erikhart@example.net,India,Female,2023-01-24,False,2023-02-23,True,False,
361,rconner@example.com,Australia,Male,2021-12-08,False,2022-01-07,False,True,2022-01-07
362,zachary16@example.net,India,Female,2021-09-04,False,2021-10-04,True,False,
363,merrittjohn@example.com,India,Female,2021-05-27,False,2021-06-26,True,False,
364,katherine29@example.org,India,Female,2022-02-26,False,2022-03-28,False,True,2022-03-28
365,pbrown@example.com,India,Male,2020-08-06,False,2020-09-05,True,False,
366,matthew78@example.com,India,Female,2023-03-23,False,2023-04-22,True,False,
367,francesparsons@example.org,US,Female,2020-02-14,False,2020-03-15,False,True,2020-03-15
368,djohnston@example.org,India,Female,2023-09-10,False,2023-10-10,False,True,2024-03-08
369,smithmichael@example.org,India,Female,2023-05-26,False,2023-06-25,True,False,
370,david48@example.com,India,Male,2021-08-09,False,2021-09-08,True,False,
371,josedawson@example.net,India,Male,2024-06-30,False,2024-07-30,True,False,
372,trujillojennifer@example.com,US,Female,2023-06-25,False,2023-07-25,True,False,
373,mdavidson@example.net,India,Female,2024-04-20,False,2024-05-20,True,False,
374,williamsbonnie@example.org,India,Female,2023-07-10,False,2023-08-09,True,False,
375,ajohnson@example.com,Canada,Female,2020-03-21,False,2020-04-20,True,False,
376,johnkramer@example.com,India,Female,2023-04-01,False,2023-05-01,False,True,2024-01-26
377,smarshall@example.org,India,Male,2021-10-31,False,2021-11-30,True,False,
378,cbailey@example.com,India,Female,2020-09-27,False,2020-10-27,True,False,
379,richardscott@example.org,India,Female,2022-01-19,False,2022-02-18,True,False,
380,smerritt@example.net,Canada,Female,2024-08-27,False,2024-09-26,True,False,
381,brianbaldwin@example.org,India,Male,2022-09-13,False,2022-10-13,False,True,2022-10-13
382,gina49@example.org,India,Female,2021-08-27,False,2021-09-26,True,False,
383,veronica01@example.net,India,Female,2020-08-23,False,2020-09-22,False,True,2021-05-20
384,christinewilson@example.net,US,Female,2024-10-27,False,2024-11-26,True,False,
385,jeremy30@example.com,India,Female,2022-03-24,False,2022-04-23,False,True,2022-04-23
386,amber20@example.net,India,Female,2024-07-05,False,2024-08-04,False,True,2024-12-31
387,kelleytimothy@example.com,India,Male,2020-01-29,False,2020-02-28,False,True,2020-12-24
388,xingram@example.net,US,Male,2023-10-09,False,2023-11-08,True,False,
389,robert65@example.net,India,Female,2022-02-19,False,2022-03-21,False,True,2022-03-21
390,leviparker@example.net,US,Female,2022-01-30,False,2022-03-01,True,False,
391,briannajones@example.com,US,Female,2020-02-21,False,2020-03-22,True,False,
392,opierce@example.org,India,Male,2021-11-02,False,2021-12-02,False,True,2021-12-02
393,tknight@example.org,India,Female,2021-03-29,False,2021-04-28,True,False,
394,wvasquez@example.org,India,Male,2022-08-08,False,2022-09-07,False,True,2022-09-07
395,mauricemoon@example.net,India,Female,2021-09-10,False,2021-10-10,False,True,2022-03-09
396,kellymartin@example.org,India,Female,2020-03-17,False,2020-04-16,True,False,
397,johnsonkimberly@example.net,India,Female,2020-07-18,False,2020-08-17,True,False,
398,carolyn18@example.com,India,Female,2022-03-06,False,2022-04-05,True,False,
399,michelle49@example.com,Australia,Female,2024-03-01,False,2024-03-31,True,False,
400,kbrewer@example.com,US,Female,2023-04-17,False,2023-05-17,True,False,
401,clayton42@example.net,US,Male,2022-04-29,False,2022-05-29,True,False,
402,franklinrobin@example.net,India,Female,2023-06-14,False,2023-07-14,True,False,
403,heather72@example.org,India,Female,2020-03-08,False,2020-04-07,True,False,
404,edwardsmichael@example.org,Australia,Female,2022-06-29,False,2022-07-29,False,True,2022-07-29
405,oliverdaniel@example.com,India,Male,2024-10-17,False,2024-11-16,True,False,
406,tthomas@example.com,France,Female,2022-01-22,False,2022-02-21,True,False,
407,amber25@example.net,India,Female,2022-01-04,False,2022-02-03,True,False,
408,samuel30@example.net,UK,Female,2020-09-07,False,2020-10-07,False,True,2020-10-07
409,lawsonbrandy@example.net,India,Male,2024-08-14,False,2024-09-13,True,False,
410,jeremy94@example.org,India,Male,2023-08-07,False,2023-09-06,True,False,
411,xrivera@example.org,UK,Male,2020-04-13,False,2020-05-13,True,False,
412,garciasamantha@example.org,India,Male,2020-09-14,False,2020-10-14,True,False,
413,jacquelinehall@example.com,India,Female,2024-08-26,False,2024-09-25,True,False,
414,matthew82@example.org,India,Male,2021-03-18,False,2021-04-17,False,True,2021-04-17
415,kbrady@example.org,US,Male,2021-04-22,False,2021-05-22,False,True,2021-10-19
416,edward90@example.net,India,Male,2021-07-21,False,2021-08-20,False,True,2021-08-20
417,melanierussell@example.net,India,Male,2020-10-23,False,2020-11-22,False,True,2020-11-22
418,susanschwartz@example.org,India,Male,2023-01-11,False,2023-02-10,True,False,
419,amberchavez@example.net,Canada,Male,2023-09-15,False,2023-10-15,False,True,2023-10-15
420,yjones@example.com,India,Female,2020-09-26,False,2020-10-26,True,False,
421,angelicaevans@example.com,India,Female,2021-05-02,False,2021-06-01,False,True,2022-02-26
422,ashleygomez@example.org,India,Non-Binary,2020-04-17,False,2020-05-17,True,False,
423,elizabeth34@example.org,India,Male,2020-08-20,False,2020-09-19,True,False,
424,nicholasmurphy@example.org,India,Non-Binary,2024-05-12,False,2024-06-11,True,False,
425,doylecindy@example.net,India,Female,2022-07-14,False,2022-08-13,True,False,
426,bhernandez@example.org,India,Female,2020-03-29,False,2020-04-28,True,False,
427,dlloyd@example.net,India,Female,2023-09-11,False,2023-10-11,True,False,
428,karen00@example.net,India,Male,2020-03-04,False,2020-04-03,True,False,
429,millerhannah@example.com,India,Male,2022-04-02,False,2022-05-02,False,True,2023-04-27
430,joseph20@example.com,India,Male,2020-05-30,False,2020-06-29,False,True,2020-06-29
431,michaelblankenship@example.com,US,Male,2021-10-21,False,2021-11-20,False,True,2022-08-17
432,michelle63@example.com,India,Male,2023-07-02,False,2023-08-01,True,False,
433,smithbradley@example.org,India,Female,2021-10-27,False,2021-11-26,True,False,
434,ahamilton@example.org,India,Male,2021-08-26,False,2021-09-25,True,False,
435,zfrederick@example.org,UK,Female,2020-07-22,False,2020-08-21,False,True,2021-04-18
436,jbrown@example.net,India,Male,2022-05-30,False,2022-06-29,True,False,
437,linda28@example.net,India,Male,2021-11-25,False,2021-12-25,False,True,2021-12-25
438,wvincent@example.net,India,Male,2022-03-27,False,2022-04-26,False,True,2023-03-22
439,rogersdaniel@example.net,US,Female,2021-10-02,False,2021-11-01,True,False,
440,jonathonhouston@example.com,India,Male,2020-11-08,False,2020-12-08,True,False,
441,gestrada@example.com,India,Female,2020-07-05,False,2020-08-04,False,True,2020-08-04
442,hannah52@example.com,India,Male,2020-07-09,False,2020-08-08,True,False,
443,bradleydavis@example.com,US,Male,2022-02-02,False,2022-03-04,False,True,2022-03-04
444,agraves@example.org,US,Male,2023-02-13,False,2023-03-15,True,False,
445,juanwilliams@example.org,India,Male,2023-02-24,False,2023-03-26,False,True,2024-01-20
446,garypotter@example.net,US,Female,2024-11-24,False,2024-12-24,True,False,
447,yford@example.org,UK,Male,2024-11-12,False,2024-12-12,False,True,2024-12-12
448,eduardo33@example.org,US,Male,2020-04-15,False,2020-05-15,False,True,2020-05-15
449,johnsonvicki@example.org,India,Female,2023-05-14,False,2023-06-13,False,True,2024-02-08
450,ballmicheal@example.org,India,Male,2020-11-12,False,2020-12-12,True,False,
451,castillomark@example.net,India,Male,2020-08-09,False,2020-09-08,True,False,
452,gregortiz@example.net,India,Female,2020-08-23,False,2020-09-22,True,False,
453,athomas@example.com,India,Female,2024-07-11,False,2024-08-10,True,False,
454,thompsonpamela@example.net,UK,Male,2024-04-20,False,2024-05-20,False,True,2024-05-20
455,rosesparks@example.net,India,Male,2023-06-10,False,2023-07-10,True,False,
456,oparker@example.net,India,Male,2023-06-01,False,2023-07-01,False,True,2023-07-01
457,erinmonroe@example.net,India,Male,2024-08-25,False,2024-09-24,False,True,2024-12-31
458,qjohnson@example.net,India,Male,2023-12-10,False,2024-01-09,True,False,
459,harrisdiana@example.org,India,Female,2021-12-19,False,2022-01-18,True,False,
460,dhamilton@example.org,US,Male,2023-03-05,False,2023-04-04,False,True,2023-09-01
461,kochnatalie@example.net,UK,Female,2020-07-06,False,2020-08-05,True,False,
462,xreid@example.org,Canada,Female,2022-05-09,False,2022-06-08,True,False,
463,amysalazar@example.org,India,Male,2021-09-30,False,2021-10-30,True,False,
464,cmiller@example.org,India,Female,2023-03-08,False,2023-04-07,True,False,
465,collinstheodore@example.net,India,Male,2020-11-14,False,2020-12-14,True,False,
466,ygonzales@example.org,India,Female,2023-10-12,False,2023-11-11,True,False,
467,alexalove@example.net,France,Female,2022-05-18,False,2022-06-17,True,False,
468,yrusso@example.org,India,Male,2021-07-13,False,2021-08-12,True,False,
469,bakercorey@example.com,India,Female,2021-12-07,False,2022-01-06,True,False,
470,michael42@example.org,India,Female,2023-10-21,False,2023-11-20,True,False,
471,christopher20@example.com,India,Female,2021-09-23,False,2021-10-23,True,False,
472,stephen88@example.net,US,Female,2023-05-12,False,2023-06-11,True,False,
473,kthomas@example.com,India,Male,2021-03-08,False,2021-04-07,True,False,
474,wrodriguez@example.org,India,Female,2021-08-15,False,2021-09-14,False,True,2022-08-10
475,jennifergonzalez@example.com,UK,Female,2020-12-25,False,2021-01-24,True,False,
476,kimberly31@example.org,India,Female,2021-04-16,False,2021-05-16,True,False,
477,paul71@example.org,India,Female,2024-07-09,False,2024-08-08,True,False,
478,johnstonbryce@example.net,India,Male,2024-02-28,False,2024-03-29,False,True,2024-09-25
479,owatts@example.net,India,Male,2024-10-31,False,2024-11-30,True,False,
480,linda61@example.org,India,Female,2022-04-08,False,2022-05-08,True,False,
481,vcrawford@example.com,India,Female,2020-08-23,False,2020-09-22,True,False,
482,warren48@example.com,India,Male,2020-12-17,False,2021-01-16,False,True,2021-01-16
483,dstephenson@example.com,India,Male,2023-06-19,False,2023-07-19,True,False,
484,vanessa17@example.com,US,Male,2022-01-11,False,2022-02-10,True,False,
485,harriskimberly@example.org,India,Male,2021-05-13,False,2021-06-12,True,False,
486,normangabrielle@example.net,US,Female,2020-06-10,False,2020-07-10,True,False,
487,zacharyschroeder@example.net,US,Male,2021-11-26,False,2021-12-26,True,False,
488,bowersshelly@example.org,India,Male,2020-06-05,False,2020-07-05,False,True,2021-03-02
489,dawnthompson@example.com,India,Male,2024-05-08,False,2024-06-07,True,False,
490,youngvictor@example.net,India,Female,2024-08-04,False,2024-09-03,False,True,2024-12-31
491,ebanks@example.com,India,Female,2020-10-26,False,2020-11-25,True,False,
492,katie36@example.org,India,Male,2020-11-09,False,2020-12-09,True,False,
493,samantha15@example.org,US,Female,2020-12-28,False,2021-01-27,False,True,2021-01-27
494,stevensullivan@example.org,US,Male,2023-07-10,False,2023-08-09,True,False,
495,jessica76@example.com,India,Female,2024-04-05,False,2024-05-05,True,False,
496,seanthompson@example.net,US,Female,2024-12-11,False,2025-01-10,True,False,
497,samuelbrowning@example.com,India,Female,2023-07-03,False,2023-08-02,True,False,
498,mwilliams@example.net,India,Male,2021-10-09,False,2021-11-08,False,True,2022-11-03
499,heather66@example.net,Canada,Male,2023-07-17,False,2023-08-16,True,False,
500,ahensley@example.org,Australia,Male,2020-04-25,False,2020-05-25,False,True,2021-05-20
501,castillojonathan@example.com,India,Female,2022-07-14,False,2022-08-13,True,False,
502,amanda65@example.org,UK,Female,2021-08-10,False,2021-09-09,True,False,
503,mike49@example.org,UK,Female,2024-10-17,False,2024-11-16,True,False,
504,denisecallahan@example.net,US,Female,2022-02-26,False,2022-03-28,True,False,
505,reidronald@example.net,India,Female,2024-06-09,False,2024-07-09,False,True,2024-12-31
506,gordontaylor@example.org,India,Non-Binary,2021-10-20,False,2021-11-19,True,False,
507,crystalmcmillan@example.org,Australia,Male,2020-05-06,False,2020-06-05,True,False,
508,qholder@example.com,US,Female,2024-09-10,False,2024-10-10,True,False,
509,christina75@example.net,India,Female,2022-10-30,False,2022-11-29,False,True,2023-11-24
510,ginamills@example.com,Canada,Male,2022-06-18,False,2022-07-18,True,False,
511,melissamartin@example.net,US,Male,2022-01-15,False,2022-02-14,True,False,
512,michelle06@example.com,Canada,Non-Binary,2022-04-17,False,2022-05-17,True,False,
513,olsenanthony@example.org,Australia,Male,2020-04-17,False,2020-05-17,True,False,
514,elizabeth74@example.org,UK,Female,2020-05-14,False,2020-06-13,True,False,
515,richard47@example.com,India,Female,2022-03-02,False,2022-04-01,True,False,
516,ujohnston@example.com,India,Female,2023-09-06,False,2023-10-06,False,True,2023-10-06
517,jillmoore@example.org,India,Male,2023-05-19,False,2023-06-18,False,True,2023-06-18
518,sanchezelaine@example.net,India,Female,2021-11-13,False,2021-12-13,True,False,
519,mejiajenny@example.com,India,Female,2021-12-17,False,2022-01-16,True,False,
520,halewendy@example.com,India,Male,2023-09-18,False,2023-10-18,True,False,
521,bishoptony@example.com,India,Female,2020-06-22,False,2020-07-22,True,False,
522,jenniferhunt@example.com,India,Female,2024-06-09,False,2024-07-09,False,True,2024-12-31
523,zoe92@example.org,Canada,Female,2023-08-16,False,2023-09-15,True,False,
524,williamskaren@example.org,India,Male,2020-02-07,False,2020-03-08,True,False,
525,frederickdanielle@example.com,UK,Male,2021-03-14,False,2021-04-13,True,False,
526,jacksonivan@example.net,UK,Female,2021-01-28,False,2021-02-27,False,True,2021-08-26
527,hansenjames@example.net,Australia,Female,2021-08-28,False,2021-09-27,False,True,2021-09-27
528,jfuller@example.org,Japan,Male,2020-07-26,False,2020-08-25,True,False,
529,joshua40@example.com,US,Male,2024-02-21,False,2024-03-22,False,True,2024-03-22
530,imitchell@example.org,India,Female,2020-03-18,False,2020-04-17,True,False,
531,uclark@example.net,UK,Non-Binary,2023-06-19,False,2023-07-19,True,False,
532,diane80@example.net,US,Male,2020-11-28,False,2020-12-28,True,False,
533,ereeves@example.com,India,Female,2023-07-03,False,2023-08-02,False,True,2023-08-02
534,daniel03@example.com,India,Male,2020-12-05,False,2021-01-04,False,True,2021-10-31
535,pagemichael@example.net,India,Male,2023-10-17,False,2023-11-16,True,False,
536,scott86@example.net,India,Male,2023-06-04,False,2023-07-04,True,False,
537,yle@example.com,India,Male,2022-07-08,False,2022-08-07,True,False,
538,ugoodwin@example.org,France,Male,2024-07-14,False,2024-08-13,True,False,
539,ablack@example.net,India,Female,2021-02-01,False,2021-03-03,True,False,
540,rforbes@example.org,India,Female,2022-06-21,False,2022-07-21,True,False,
541,howelauren@example.com,US,Male,2022-02-21,False,2022-03-23,True,False,
542,milesmatthew@example.org,India,Female,2020-11-27,False,2020-12-27,False,True,2020-12-27
543,christopher80@example.org,Australia,Male,2024-06-28,False,2024-07-28,True,False,
544,sharplynn@example.org,India,Male,2020-04-16,False,2020-05-16,True,False,
545,johnsonsheena@example.net,Japan,Male,2023-02-09,False,2023-03-11,False,True,2023-03-11
546,paul33@example.org,Australia,Female,2023-12-27,False,2024-01-26,False,True,2024-01-26
547,davidmason@example.org,India,Female,2024-10-09,False,2024-11-08,False,True,2024-12-31
548,tlester@example.com,India,Male,2021-07-12,False,2021-08-11,True,False,
549,robert37@example.net,India,Male,2024-08-28,False,2024-09-27,True,False,
550,vsmith@example.org,US,Male,2021-03-30,False,2021-04-29,False,True,2021-04-29
551,robertherrera@example.com,India,Non-Binary,2024-12-16,False,2025-01-15,False,True,2024-12-31
552,nancyhill@example.com,Canada,Female,2022-03-22,False,2022-04-21,True,False,
553,rhodesheather@example.com,Japan,Male,2020-06-16,False,2020-07-16,False,True,2021-01-12
554,lewisandrew@example.com,India,Female,2024-09-14,False,2024-10-14,True,False,
555,chambersrobert@example.com,US,Male,2020-10-26,False,2020-11-25,True,False,
556,matthewbell@example.org,UK,Male,2024-08-26,False,2024-09-25,True,False,
557,marycarr@example.com,India,Female,2024-04-03,False,2024-05-03,True,False,
558,hullbernard@example.com,India,Female,2020-01-11,False,2020-02-10,False,True,2020-02-10
559,arnoldgary@example.org,India,Female,2020-02-08,False,2020-03-09,True,False,
560,john79@example.com,India,Male,2023-01-28,False,2023-02-27,False,True,2023-02-27
561,kochthomas@example.com,Canada,Female,2023-05-31,False,2023-06-30,False,True,2024-03-26
562,maria83@example.net,UK,Female,2021-05-01,False,2021-05-31,False,True,2022-04-26
563,toddthomas@example.org,US,Female,2023-08-01,False,2023-08-31,True,False,
564,lrobinson@example.com,India,Male,2020-08-15,False,2020-09-14,False,True,2020-09-14
565,carl42@example.net,India,Male,2022-10-20,False,2022-11-19,False,True,2023-07-17
566,katherine31@example.net,US,Female,2024-01-11,False,2024-02-10,True,False,
567,laura16@example.com,India,Male,2023-06-13,False,2023-07-13,True,False,
568,david06@example.org,US,Male,2021-01-18,False,2021-02-17,False,True,2021-12-14
569,oobrien@example.org,UK,Female,2020-05-18,False,2020-06-17,False,True,2020-06-17
570,randysmith@example.com,India,Female,2023-01-19,False,2023-02-18,True,False,
571,ewelch@example.net,UK,Male,2023-02-08,False,2023-03-10,True,False,
572,dhobbs@example.net,US,Female,2020-03-30,False,2020-04-29,True,False,
573,yburns@example.net,India,Female,2021-06-03,False,2021-07-03,True,False,
574,johnwu@example.com,US,Female,2020-05-18,False,2020-06-17,True,False,
575,rmelton@example.com,UK,Female,2023-07-10,False,2023-08-09,True,False,
576,jsolomon@example.net,US,Female,2024-03-29,False,2024-04-28,False,True,2024-12-31
577,ybell@example.net,US,Female,2024-07-24,False,2024-08-23,True,False,
578,coxjohn@example.com,India,Female,2023-11-03,False,2023-12-03,True,False,
579,hutchinsonchristopher@example.net,India,Female,2023-07-17,False,2023-08-16,False,True,2024-08-10
580,uwright@example.org,UK,Male,2020-03-16,False,2020-04-15,False,True,2020-12-11
581,jenniferglenn@example.org,UK,Male,2024-12-19,False,2025-01-18,True,False,
582,gary12@example.net,India,Female,2022-11-21,False,2022-12-21,True,False,
583,sean93@example.net,India,Female,2022-08-27,False,2022-09-26,True,False,
584,browntyler@example.net,UK,Female,2021-01-26,False,2021-02-25,True,False,
585,philip38@example.org,India,Male,2020-04-07,False,2020-05-07,False,True,2020-05-07
586,mckenzielinda@example.com,India,Non-Binary,2021-11-10,False,2021-12-10,True,False,
587,gpitts@example.com,India,Male,2022-06-13,False,2022-07-13,False,True,2022-07-13
588,martinmary@example.net,India,Female,2024-03-02,False,2024-04-01,True,False,
589,gutierrezandre@example.org,US,Male,2021-11-25,False,2021-12-25,False,True,2021-12-25
590,larsontiffany@example.org,US,Female,2022-10-13,False,2022-11-12,True,False,
591,morrisonlisa@example.net,Germany,Male,2024-06-20,False,2024-07-20,True,False,
592,sanfordrobin@example.com,India,Female,2024-01-29,False,2024-02-28,True,False,
593,benjamin23@example.org,India,Female,2024-08-11,False,2024-09-10,True,False,
594,ryan13@example.org,US,Male,2020-07-29,False,2020-08-28,True,False,
595,nortonvalerie@example.net,India,Female,2021-09-19,False,2021-10-19,True,False,
596,ronald25@example.org,India,Female,2020-12-07,False,2021-01-06,True,False,
597,jeannestewart@example.org,India,Female,2020-03-27,False,2020-04-26,True,False,
598,katherinedavies@example.org,India,Female,2023-06-13,False,2023-07-13,False,True,2023-07-13
599,xmontes@example.com,Germany,Non-Binary,2021-07-16,False,2021-08-15,True,False,
600,janetjackson@example.net,US,Male,2020-04-27,False,2020-05-27,True,False,
601,carolperez@example.net,US,Male,2022-01-14,False,2022-02-13,True,False,
602,harrisriley@example.com,India,Male,2020-11-23,False,2020-12-23,False,True,2020-12-23
603,adamcontreras@example.com,India,Female,2020-10-19,False,2020-11-18,False,True,2020-11-18
604,peterknight@example.net,US,Male,2023-10-20,False,2023-11-19,False,True,2024-05-17
605,gbell@example.com,India,Non-Binary,2021-04-28,False,2021-05-28,True,False,
606,pearsonjerome@example.org,India,Male,2022-02-23,False,2022-03-25,False,True,2022-03-25
607,meganalexander@example.org,India,Female,2020-03-07,False,2020-04-06,True,False,
608,larsenluis@example.com,US,Male,2022-01-29,False,2022-02-28,True,False,
609,rodriguezkevin@example.com,India,Female,2023-03-21,False,2023-04-20,True,False,
610,woodjoseph@example.net,US,Male,2021-10-05,False,2021-11-04,True,False,
611,zcruz@example.com,Australia,Male,2020-08-20,False,2020-09-19,True,False,
612,nmiles@example.com,India,Female,2022-11-26,False,2022-12-26,True,False,
613,jerry71@example.net,India,Female,2021-06-20,False,2021-07-20,True,False,
614,elizabeth31@example.com,India,Male,2021-03-15,False,2021-04-14,False,True,2021-04-14
615,yhull@example.net,France,Male,2021-08-07,False,2021-09-06,True,False,
616,jamesnelson@example.org,Canada,Male,2021-02-13,False,2021-03-15,True,False,
617,cmeyers@example.com,India,Male,2022-07-14,False,2022-08-13,True,False,
618,andersonjasmine@example.com,US,Male,2020-06-28,False,2020-07-28,False,True,2020-07-28
619,daniel25@example.com,UK,Male,2024-09-27,False,2024-10-27,False,True,2024-10-27
620,vdavis@example.org,Germany,Male,2023-09-29,False,2023-10-29,False,True,2024-07-25
621,hwells@example.net,UK,Female,2024-12-30,False,2025-01-29,True,False,
622,cookcarly@example.net,US,Female,2023-12-24,False,2024-01-23,False,True,2024-01-23
623,john15@example.org,US,Female,2023-07-30,False,2023-08-29,True,False,
624,wilsonchristopher@example.net,India,Male,2021-04-04,False,2021-05-04,True,False,
625,fwright@example.net,Canada,Female,2020-10-11,False,2020-11-10,True,False,
626,allenfrederick@example.org,US,Female,2022-01-09,False,2022-02-08,True,False,
627,vanessasullivan@example.com,India,Male,2024-07-03,False,2024-08-02,False,True,2024-08-02
628,mendeztiffany@example.org,US,Male,2020-09-22,False,2020-10-22,False,True,2021-07-19
629,philipwarren@example.org,India,Female,2022-03-26,False,2022-04-25,False,True,2022-04-25
630,johnsonmichael@example.com,India,Female,2024-01-12,False,2024-02-11,True,False,
631,sara93@example.net,India,Female,2022-04-18,False,2022-05-18,False,True,2022-05-18
632,bryantkari@example.org,India,Male,2020-05-31,False,2020-06-30,True,False,
633,boyerheather@example.org,India,Male,2020-05-31,False,2020-06-30,True,False,
634,uharris@example.com,India,Male,2021-12-06,False,2022-01-05,True,False,
635,carolynsmith@example.com,India,Male,2023-02-03,False,2023-03-05,True,False,
636,danielbrown@example.net,US,Female,2020-09-21,False,2020-10-21,True,False,
637,martinezmaria@example.com,US,Male,2020-04-23,False,2020-05-23,False,True,2020-05-23
638,cassandra64@example.org,India,Male,2022-11-27,False,2022-12-27,True,False,
639,victormoreno@example.org,India,Non-Binary,2021-10-22,False,2021-11-21,False,True,2021-11-21
640,joneskenneth@example.org,India,Female,2021-04-06,False,2021-05-06,True,False,
641,zoe76@example.com,India,Female,2021-08-04,False,2021-09-03,False,True,2021-09-03
642,guerrerojoe@example.org,India,Male,2021-05-28,False,2021-06-27,True,False,
643,chadnelson@example.org,India,Female,2021-07-16,False,2021-08-15,True,False,
644,cody22@example.com,India,Male,2022-12-28,False,2023-01-27,True,False,
645,cherylwright@example.net,India,Male,2023-04-27,False,2023-05-27,False,True,2023-05-27
646,snyderjoseph@example.net,India,Male,2020-11-11,False,2020-12-11,True,False,
647,brendaharrison@example.com,India,Female,2023-05-24,False,2023-06-23,True,False,
648,derrickwilcox@example.org,UK,Male,2020-03-25,False,2020-04-24,False,True,2020-04-24
649,katherine67@example.com,India,Male,2020-02-28,False,2020-03-29,True,False,
650,jamesraymond@example.com,India,Female,2024-04-28,False,2024-05-28,True,False,
651,vincentmeadows@example.net,India,Female,2024-04-19,False,2024-05-19,True,False,
652,davisbrent@example.com,India,Female,2020-03-03,False,2020-04-02,True,False,
653,urobles@example.com,US,Female,2021-08-16,False,2021-09-15,True,False,
654,rossgregory@example.com,US,Female,2021-05-16,False,2021-06-15,False,True,2021-06-15
655,scott55@example.org,India,Female,2023-11-03,False,2023-12-03,True,False,
656,lisasimon@example.com,India,Female,2023-11-11,False,2023-12-11,True,False,
657,nicolelane@example.org,India,Female,2022-09-18,False,2022-10-18,True,False,
658,iedwards@example.net,India,Female,2020-10-21,False,2020-11-20,True,False,
659,james56@example.org,India,Female,2024-02-12,False,2024-03-13,False,True,2024-03-13
660,stewartshawn@example.org,India,Male,2021-12-08,False,2022-01-07,False,True,2022-01-07
661,cooperbenjamin@example.org,India,Male,2020-09-24,False,2020-10-24,True,False,
662,peterallen@example.org,UK,Male,2020-08-05,False,2020-09-04,True,False,
663,kirk76@example.org,Germany,Male,2021-07-01,False,2021-07-31,False,True,2021-12-28
664,lsteele@example.org,India,Female,2021-08-17,False,2021-09-16,False,True,2021-09-16
665,sheacory@example.org,US,Female,2024-11-04,False,2024-12-04,True,False,
666,xmelton@example.org,India,Female,2024-11-07,False,2024-12-07,False,True,2024-12-07
667,williamsnathan@example.com,India,Non-Binary,2024-07-24,False,2024-08-23,True,False,
668,sharon12@example.com,Germany,Female,2021-10-02,False,2021-11-01,True,False,
669,jjohnson@example.org,India,Female,2022-11-20,False,2022-12-20,True,False,
670,pmiller@example.org,India,Male,2022-10-15,False,2022-11-14,True,False,
671,kenneth95@example.org,India,Male,2022-11-01,False,2022-12-01,True,False,
672,wgeorge@example.org,UK,Female,2023-04-09,False,2023-05-09,False,True,2024-05-03
673,aaguilar@example.net,US,Male,2023-05-08,False,2023-06-07,False,True,2023-06-07
674,davissamuel@example.net,India,Male,2023-09-01,False,2023-10-01,True,False,
675,jamiepowell@example.net,France,Male,2020-01-17,False,2020-02-16,False,True,2020-02-16
676,elizabethjensen@example.net,UK,Female,2022-06-01,False,2022-07-01,True,False,
677,josephmccarthy@example.net,India,Female,2022-01-19,False,2022-02-18,True,False,
678,mossalan@example.org,India,Female,2022-03-31,False,2022-04-30,True,False,
679,rogersshannon@example.net,Canada,Male,2022-01-12,False,2022-02-11,False,True,2023-02-06
680,danielle19@example.com,India,Female,2024-04-14,False,2024-05-14,True,False,
681,richard28@example.com,Canada,Male,2023-06-30,False,2023-07-30,False,True,2024-01-26
682,hendersonashley@example.com,India,Female,2022-03-17,False,2022-04-16,True,False,
683,jamesle@example.net,US,Male,2023-02-16,False,2023-03-18,False,True,2023-03-18
684,charlesjordan@example.com,US,Female,2024-03-26,False,2024-04-25,True,False,
685,jeanne69@example.org,India,Male,2022-04-02,False,2022-05-02,False,True,2022-11-28
686,cummingsjustin@example.net,Germany,Male,2024-01-01,False,2024-01-31,True,False,
687,rjohnson@example.org,UK,Female,2022-07-24,False,2022-08-23,True,False,
688,kpatel@example.org,India,Female,2020-10-13,False,2020-11-12,True,False,
689,anna32@example.org,India,Female,2020-11-28,False,2020-12-28,True,False,
690,brittanyterry@example.org,India,Female,2024-09-21,False,2024-10-21,True,False,
691,vdavis@example.com,India,Male,2024-08-23,False,2024-09-22,True,False,
692,ojohnson@example.net,Germany,Male,2023-02-26,False,2023-03-28,True,False,
693,kchristensen@example.org,US,Male,2022-01-24,False,2022-02-23,False,True,2023-01-19
694,nanderson@example.org,US,Male,2023-04-10,False,2023-05-10,True,False,
695,lauriebell@example.com,Germany,Male,2024-11-21,False,2024-12-21,False,True,2024-12-31
696,knightamanda@example.com,India,Male,2021-06-27,False,2021-07-27,False,True,2021-07-27
697,hsmith@example.net,India,Female,2024-05-22,False,2024-06-21,False,True,2024-06-21
698,coleboyer@example.org,India,Female,2023-03-30,False,2023-04-29,True,False,
699,littletyrone@example.net,India,Male,2023-04-10,False,2023-05-10,True,False,
700,pricelaura@example.org,India,Female,2024-01-16,False,2024-02-15,True,False,
701,mendezchristopher@example.com,India,Male,2020-10-29,False,2020-11-28,False,True,2020-11-28
702,savageeduardo@example.com,India,Female,2021-05-11,False,2021-06-10,True,False,
703,alexis21@example.org,US,Male,2020-08-13,False,2020-09-12,True,False,
704,allenwilliam@example.com,UK,Female,2022-05-07,False,2022-06-06,True,False,
705,leecheryl@example.com,India,Female,2022-04-20,False,2022-05-20,True,False,
706,matthew40@example.net,India,Male,2022-08-23,False,2022-09-22,False,True,2022-09-22
707,rdennis@example.com,India,Male,2024-02-15,False,2024-03-16,True,False,
708,carrollsara@example.org,India,Female,2022-11-28,False,2022-12-28,True,False,
709,brownwilliam@example.com,India,Male,2023-09-18,False,2023-10-18,True,False,
710,starkjulie@example.com,India,Female,2020-12-20,False,2021-01-19,True,False,
711,cmack@example.net,India,Female,2023-01-23,False,2023-02-22,True,False,
712,katrinamiller@example.org,India,Male,2024-01-16,False,2024-02-15,True,False,
713,rgreer@example.com,France,Non-Binary,2021-06-25,False,2021-07-25,True,False,
714,jennifer65@example.org,India,Female,2021-05-19,False,2021-06-18,True,False,
715,youngderek@example.org,India,Female,2021-09-01,False,2021-10-01,True,False,
716,eric14@example.net,India,Female,2023-11-14,False,2023-12-14,True,False,
717,millerleonard@example.com,India,Female,2021-12-15,False,2022-01-14,True,False,
718,paul84@example.org,India,Male,2024-01-17,False,2024-02-16,False,True,2024-12-31
719,melissa20@example.net,India,Female,2022-03-19,False,2022-04-18,False,True,2022-04-18
720,schaeferjonathan@example.org,India,Female,2024-05-02,False,2024-06-01,False,True,2024-06-01
721,james19@example.org,Germany,Male,2021-08-17,False,2021-09-16,True,False,
722,owentiffany@example.net,US,Male,2020-06-10,False,2020-07-10,True,False,
723,brownchristopher@example.org,UK,Male,2021-06-09,False,2021-07-09,True,False,
724,alison34@example.com,US,Female,2024-08-22,False,2024-09-21,True,False,
725,yallen@example.org,Australia,Female,2023-11-26,False,2023-12-26,False,True,2024-08-22
726,james12@example.org,India,Female,2021-05-11,False,2021-06-10,True,False,
727,destinybrown@example.org,UK,Female,2021-04-07,False,2021-05-07,False,True,2022-04-02
728,kevin36@example.org,India,Female,2021-11-07,False,2021-12-07,False,True,2022-07-05
729,zfrank@example.com,US,Female,2020-01-11,False,2020-02-10,False,True,2020-02-10
730,charlene17@example.net,India,Female,2020-11-19,False,2020-12-19,True,False,
731,rogersbernard@example.org,India,Female,2024-12-03,False,2025-01-02,True,False,
732,jonesemily@example.net,India,Female,2024-03-28,False,2024-04-27,False,True,2024-04-27
733,alexander64@example.net,Japan,Male,2021-10-19,False,2021-11-18,False,True,2022-05-17
734,jasonarmstrong@example.com,Germany,Male,2023-08-28,False,2023-09-27,True,False,
735,qhill@example.net,UK,Female,2024-01-20,False,2024-02-19,False,True,2024-02-19
736,codymills@example.net,India,Female,2020-03-17,False,2020-04-16,False,True,2020-04-16
737,elopez@example.org,UK,Male,2020-12-24,False,2021-01-23,True,False,
738,katherinehardy@example.org,India,Female,2020-03-15,False,2020-04-14,False,True,2020-04-14
739,james19@example.org,UK,Female,2022-03-24,False,2022-04-23,True,False,
740,paula13@example.org,US,Male,2024-03-13,False,2024-04-12,False,True,2024-04-12
741,linda85@example.net,UK,Male,2021-08-15,False,2021-09-14,False,True,2021-09-14
742,mullinswilliam@example.com,India,Male,2020-01-19,False,2020-02-18,True,False,
743,sean45@example.com,India,Male,2021-11-17,False,2021-12-17,True,False,
744,davidmcintosh@example.com,India,Female,2023-01-17,False,2023-02-16,True,False,
745,cheryl18@example.net,India,Male,2020-10-01,False,2020-10-31,False,True,2020-10-31
746,qhoover@example.net,India,Male,2022-08-16,False,2022-09-15,True,False,
747,elizabeth76@example.com,India,Male,2021-11-08,False,2021-12-08,True,False,
748,andreadavis@example.com,India,Female,2021-06-10,False,2021-07-10,False,True,2022-05-06
749,tjones@example.org,India,Male,2024-06-07,False,2024-07-07,True,False,
750,vmorris@example.net,India,Female,2021-01-30,False,2021-03-01,True,False,
751,sophiawilliams@example.com,India,Male,2022-04-10,False,2022-05-10,False,True,2022-05-10
752,xmaddox@example.org,India,Male,2022-11-21,False,2022-12-21,True,False,
753,ifernandez@example.net,India,Male,2020-07-14,False,2020-08-13,False,True,2021-06-09
754,ivaldez@example.net,India,Female,2021-05-23,False,2021-06-22,True,False,
755,daniel78@example.com,India,Female,2022-07-03,False,2022-08-02,True,False,
756,jonathandavidson@example.net,UK,Female,2021-09-10,False,2021-10-10,True,False,
757,eanderson@example.org,Australia,Male,2021-06-19,False,2021-07-19,True,False,
758,rittertyler@example.com,India,Male,2020-05-07,False,2020-06-06,True,False,
759,hrose@example.org,India,Female,2020-11-23,False,2020-12-23,True,False,
760,dwheeler@example.org,India,Female,2024-12-23,False,2025-01-22,True,False,
761,xgordon@example.com,India,Female,2020-08-28,False,2020-09-27,True,False,
762,xmyers@example.com,India,Male,2022-01-22,False,2022-02-21,True,False,
763,emilysmith@example.com,India,Male,2020-09-30,False,2020-10-30,True,False,
764,qfields@example.org,India,Male,2023-05-25,False,2023-06-24,True,False,
765,stephanie57@example.org,UK,Female,2022-08-22,False,2022-09-21,True,False,
766,jburns@example.com,India,Female,2024-08-17,False,2024-09-16,True,False,
767,martinwilliam@example.org,US,Male,2024-03-25,False,2024-04-24,True,False,
768,qmccarthy@example.com,India,Male,2022-12-12,False,2023-01-11,True,False,
769,georgefisher@example.net,India,Female,2020-06-08,False,2020-07-08,False,True,2020-07-08
770,jpearson@example.com,India,Female,2020-08-17,False,2020-09-16,True,False,
771,stacywood@example.net,US,Male,2022-11-01,False,2022-12-01,True,False,
772,parkernolan@example.org,India,Male,2020-12-02,False,2021-01-01,True,False,
773,ymurphy@example.org,Germany,Female,2020-08-26,False,2020-09-25,True,False,
774,sloanrebecca@example.org,UK,Female,2022-09-28,False,2022-10-28,True,False,
775,glarson@example.com,India,Female,2024-07-14,False,2024-08-13,False,True,2024-12-31
776,mark70@example.net,Australia,Female,2022-07-24,False,2022-08-23,True,False,
777,christopher75@example.net,UK,Female,2023-10-09,False,2023-11-08,False,True,2023-11-08
778,nelsonjoseph@example.com,India,Male,2024-01-21,False,2024-02-20,True,False,
779,theodore23@example.net,India,Male,2020-01-07,False,2020-02-06,True,False,
780,jackwhite@example.net,UK,Female,2020-04-02,False,2020-05-02,True,False,
781,wyattbrittany@example.org,India,Male,2023-01-13,False,2023-02-12,False,True,2023-02-12
782,bradleyaaron@example.net,US,Male,2020-05-21,False,2020-06-20,False,True,2020-06-20
783,amy49@example.net,UK,Male,2022-08-24,False,2022-09-23,True,False,
784,nhaynes@example.org,US,Male,2024-04-23,False,2024-05-23,True,False,
785,ohernandez@example.net,India,Male,2024-02-02,False,2024-03-03,True,False,
786,srobertson@example.org,India,Male,2024-12-30,False,2025-01-29,True,False,
787,marquezcourtney@example.com,US,Female,2022-02-12,False,2022-03-14,True,False,
788,mccalljames@example.org,India,Male,2023-09-17,False,2023-10-17,False,True,2023-10-17
789,briansimmons@example.net,India,Female,2020-09-29,False,2020-10-29,True,False,
790,hillamanda@example.net,India,Female,2020-12-31,False,2021-01-30,False,True,2021-01-30
791,danielle14@example.org,India,Male,2022-03-15,False,2022-04-14,True,False,
792,guymorgan@example.net,India,Female,2021-04-01,False,2021-05-01,False,True,2021-05-01
793,jessicaschneider@example.com,France,Male,2024-03-28,False,2024-04-27,True,False,
794,rogerslisa@example.com,US,Male,2023-10-11,False,2023-11-10,True,False,
795,michele21@example.com,India,Female,2022-02-15,False,2022-03-17,False,True,2022-03-17
796,fosterallison@example.org,US,Non-Binary,2021-05-21,False,2021-06-20,True,False,
797,clarkmichele@example.net,India,Male,2021-01-21,False,2021-02-20,False,True,2021-02-20
798,dave44@example.net,US,Female,2024-01-24,False,2024-02-23,False,True,2024-12-31
799,kevin81@example.net,India,Male,2023-06-13,False,2023-07-13,True,False,
800,williamsjimmy@example.com,India,Female,2020-02-02,False,2020-03-03,False,True,2020-07-31
801,grantshannon@example.com,India,Male,2022-07-03,False,2022-08-02,True,False,
802,twilliams@example.com,India,Male,2020-04-09,False,2020-05-09,False,True,2021-05-04
803,brownbrad@example.net,India,Female,2021-04-24,False,2021-05-24,True,False,
804,johnsonsonya@example.org,India,Female,2024-05-08,False,2024-06-07,True,False,
805,angie08@example.com,India,Female,2021-08-15,False,2021-09-14,True,False,
806,swansonsamuel@example.net,Canada,Female,2023-03-25,False,2023-04-24,True,False,
807,marcus77@example.com,India,Male,2023-10-09,False,2023-11-08,False,True,2023-11-08
808,millernancy@example.com,India,Female,2021-04-30,False,2021-05-30,False,True,2022-01-25
809,jessicabush@example.com,Japan,Female,2022-04-26,False,2022-05-26,False,True,2022-12-22
810,dawn03@example.net,India,Female,2023-07-06,False,2023-08-05,True,False,
811,morrisonalexander@example.net,India,Male,2020-04-06,False,2020-05-06,False,True,2020-05-06
812,georgeweaver@example.net,India,Female,2023-08-10,False,2023-09-09,True,False,
813,john24@example.org,India,Female,2021-10-14,False,2021-11-13,True,False,
814,paigeharris@example.com,India,Female,2021-09-06,False,2021-10-06,True,False,
815,dwilkins@example.net,India,Male,2022-08-27,False,2022-09-26,True,False,
816,dawnlee@example.org,US,Male,2024-10-22,False,2024-11-21,True,False,
817,stevenchavez@example.org,US,Female,2020-04-28,False,2020-05-28,True,False,
818,raymondcoleman@example.org,Canada,Male,2023-02-15,False,2023-03-17,True,False,
819,ireyes@example.org,India,Male,2021-06-06,False,2021-07-06,True,False,
820,alexandra08@example.net,Japan,Female,2022-07-10,False,2022-08-09,False,True,2022-08-09
821,sallen@example.net,India,Female,2020-07-08,False,2020-08-07,True,False,
822,qwiley@example.com,India,Female,2020-04-15,False,2020-05-15,True,False,
823,claybrett@example.net,India,Female,2023-05-19,False,2023-06-18,False,True,2024-02-13
824,angela54@example.org,India,Female,2022-09-08,False,2022-10-08,True,False,
825,nathan45@example.net,US,Female,2021-09-12,False,2021-10-12,False,True,2021-10-12
826,larryjoseph@example.org,India,Male,2020-02-01,False,2020-03-02,True,False,
827,davidreyes@example.com,India,Male,2024-02-27,False,2024-03-28,True,False,
828,dustin42@example.net,India,Female,2022-09-07,False,2022-10-07,False,True,2022-10-07
829,michael97@example.com,India,Male,2023-11-25,False,2023-12-25,True,False,
830,lisaramirez@example.com,India,Male,2021-05-05,False,2021-06-04,True,False,
831,loribaker@example.org,India,Female,2022-02-18,False,2022-03-20,True,False,
832,jphillips@example.com,Canada,Female,2021-09-23,False,2021-10-23,True,False,
833,larry88@example.org,Japan,Female,2022-10-15,False,2022-11-14,True,False,
834,huntkatherine@example.org,India,Female,2024-01-19,False,2024-02-18,True,False,
835,alittle@example.org,India,Female,2021-02-20,False,2021-03-22,True,False,
836,nharris@example.com,India,Female,2023-02-26,False,2023-03-28,False,True,2023-03-28
837,lawrencehall@example.com,UK,Female,2024-02-27,False,2024-03-28,True,False,
838,charlesmaldonado@example.com,US,Male,2023-04-11,False,2023-05-11,True,False,
839,cynthia72@example.net,India,Male,2020-11-08,False,2020-12-08,True,False,
840,darrylhunt@example.com,India,Female,2023-03-12,False,2023-04-11,False,True,2023-04-11
841,brianbrown@example.org,India,Non-Binary,2022-10-19,False,2022-11-18,True,False,
842,brightryan@example.com,India,Female,2021-11-22,False,2021-12-22,True,False,
843,khandaryl@example.com,India,Female,2024-01-21,False,2024-02-20,True,False,
844,elizabeth36@example.org,Canada,Female,2020-12-10,False,2021-01-09,True,False,
845,elizabethbrown@example.org,India,Female,2020-10-13,False,2020-11-12,True,False,
846,aweaver@example.net,India,Female,2024-12-26,False,2025-01-25,True,False,
847,charles81@example.net,India,Male,2020-04-30,False,2020-05-30,True,False,
848,vwilkins@example.net,India,Male,2020-06-01,False,2020-07-01,False,True,2020-07-01
849,lewisphillip@example.net,India,Male,2023-09-30,False,2023-10-30,False,True,2024-05-27
850,uphillips@example.net,Germany,Female,2024-09-21,False,2024-10-21,False,True,2024-12-31
851,jmurray@example.com,Germany,Male,2020-01-19,False,2020-02-18,True,False,
852,woodsrobert@example.net,India,Female,2020-05-03,False,2020-06-02,True,False,
853,dianehubbard@example.net,India,Male,2023-06-16,False,2023-07-16,False,True,2023-07-16
854,jimmyfigueroa@example.org,India,Male,2023-09-12,False,2023-10-12,False,True,2024-09-06
855,piercetara@example.com,India,Female,2020-01-25,False,2020-02-24,True,False,
856,tannerjamie@example.com,India,Male,2023-01-02,False,2023-02-01,False,True,2023-02-01
857,zsanchez@example.com,US,Male,2020-02-05,False,2020-03-06,True,False,
858,bmills@example.com,India,Non-Binary,2022-05-31,False,2022-06-30,False,True,2022-06-30
859,sho@example.net,India,Female,2021-01-02,False,2021-02-01,False,True,2021-08-30
860,ymiller@example.org,France,Male,2021-05-08,False,2021-06-07,True,False,
861,kimberly00@example.com,India,Male,2024-07-27,False,2024-08-26,True,False,
862,allengregory@example.org,India,Male,2020-06-10,False,2020-07-10,True,False,
863,thomasjames@example.net,US,Male,2023-03-03,False,2023-04-02,True,False,
864,jcarter@example.net,India,Non-Binary,2021-09-06,False,2021-10-06,True,False,
865,jessicaaguirre@example.org,UK,Female,2023-08-31,False,2023-09-30,False,True,2023-09-30
866,whitneyhoffman@example.net,India,Female,2023-08-23,False,2023-09-22,False,True,2024-08-17
867,thompsonmatthew@example.net,India,Male,2022-02-11,False,2022-03-13,False,True,2022-08-10
868,reillyjerry@example.org,India,Female,2023-12-10,False,2024-01-09,True,False,
869,christopher01@example.net,India,Male,2022-06-07,False,2022-07-07,True,False,
870,roger92@example.net,India,Male,2024-10-23,False,2024-11-22,False,True,2024-11-22
871,hicksfelicia@example.com,UK,Female,2022-12-17,False,2023-01-16,False,True,2023-01-16
872,hannah85@example.org,US,Male,2021-04-15,False,2021-05-15,True,False,
873,slyons@example.com,India,Female,2024-12-22,False,2025-01-21,True,False,
874,josephjennifer@example.org,India,Male,2020-06-01,False,2020-07-01,True,False,
875,mcopeland@example.com,US,Male,2023-01-17,False,2023-02-16,False,True,2023-12-13
876,lindsey22@example.com,India,Male,2020-02-02,False,2020-03-03,False,True,2020-03-03
877,johnny13@example.com,India,Male,2023-04-17,False,2023-05-17,True,False,
878,cgarrett@example.com,Germany,Female,2024-08-08,False,2024-09-07,False,True,2024-12-31
879,adamjohnson@example.net,Australia,Female,2023-02-28,False,2023-03-30,True,False,
880,erik71@example.org,India,Female,2022-03-07,False,2022-04-06,True,False,
881,marcus46@example.com,India,Female,2022-02-25,False,2022-03-27,False,True,2022-09-23
882,denisekane@example.net,India,Female,2022-10-22,False,2022-11-21,True,False,
883,brian48@example.net,India,Male,2020-07-19,False,2020-08-18,True,False,
884,oabbott@example.com,US,Male,2021-11-28,False,2021-12-28,True,False,
885,eduardogeorge@example.org,India,Male,2023-05-04,False,2023-06-03,True,False,
886,matthewruiz@example.com,India,Female,2020-03-01,False,2020-03-31,True,False,
887,bateskelly@example.com,Canada,Female,2022-07-11,False,2022-08-10,True,False,
888,pmorris@example.com,US,Male,2022-02-07,False,2022-03-09,True,False,
889,matthew97@example.org,US,Male,2023-09-15,False,2023-10-15,True,False,
890,eric26@example.net,India,Female,2021-08-27,False,2021-09-26,True,False,
891,dianewhite@example.com,India,Female,2020-06-17,False,2020-07-17,True,False,
892,aguilarmarie@example.net,India,Female,2024-05-24,False,2024-06-23,True,False,
893,raymonddalton@example.net,US,Female,2021-10-10,False,2021-11-09,False,True,2022-08-06
894,carrillogeorge@example.com,India,Female,2022-06-29,False,2022-07-29,True,False,
895,wandahoffman@example.com,India,Female,2020-09-28,False,2020-10-28,True,False,
896,icox@example.org,India,Female,2023-02-14,False,2023-03-16,True,False,
897,rodney29@example.org,India,Female,2020-02-23,False,2020-03-24,True,False,
898,tateroger@example.net,India,Male,2023-05-07,False,2023-06-06,True,False,
899,revans@example.com,US,Male,2022-02-27,False,2022-03-29,True,False,
900,michellethomas@example.org,India,Male,2024-05-14,False,2024-06-13,True,False,
901,jennawilkins@example.org,Australia,Female,2021-05-12,False,2021-06-11,True,False,
902,steven29@example.org,India,Male,2022-02-18,False,2022-03-20,True,False,
903,davisjames@example.org,India,Female,2021-07-03,False,2021-08-02,False,True,2022-06-28
904,leonardbradshaw@example.org,US,Male,2021-07-19,False,2021-08-18,True,False,
905,wlevine@example.com,India,Male,2020-06-06,False,2020-07-06,True,False,
906,hobbsjason@example.net,US,Female,2024-01-16,False,2024-02-15,True,False,
907,michael18@example.com,India,Male,2021-02-04,False,2021-03-06,False,True,2021-08-03
908,williamslinda@example.net,India,Non-Binary,2022-03-21,False,2022-04-20,True,False,
909,cfletcher@example.com,India,Female,2024-07-04,False,2024-08-03,False,True,2024-08-03
910,ashleyferguson@example.org,India,Male,2022-06-20,False,2022-07-20,True,False,
911,kanderson@example.com,India,Male,2024-10-26,False,2024-11-25,True,False,
912,travisfleming@example.org,India,Female,2021-09-07,False,2021-10-07,True,False,
913,phughes@example.org,India,Female,2021-02-15,False,2021-03-17,True,False,
914,williamperez@example.com,India,Non-Binary,2022-03-26,False,2022-04-25,False,True,2022-04-25
915,michael79@example.org,US,Male,2021-08-19,False,2021-09-18,True,False,
916,janet94@example.org,Germany,Female,2023-03-25,False,2023-04-24,True,False,
917,tgarza@example.net,India,Female,2021-07-28,False,2021-08-27,False,True,2021-08-27
918,hgray@example.net,UK,Female,2022-03-15,False,2022-04-14,True,False,
919,crystal11@example.org,India,Male,2021-02-13,False,2021-03-15,True,False,
920,lroach@example.net,Canada,Male,2023-10-28,False,2023-11-27,False,True,2024-11-21
921,sethpeters@example.com,India,Male,2023-12-21,False,2024-01-20,True,False,
922,dillonmichele@example.net,India,Female,2024-08-29,False,2024-09-28,True,False,
923,blackkimberly@example.net,Australia,Male,2024-06-17,False,2024-07-17,True,False,
924,tracyburns@example.com,India,Male,2020-10-12,False,2020-11-11,True,False,
925,rogergeorge@example.net,Canada,Female,2023-09-10,False,2023-10-10,True,False,
926,proctoranthony@example.com,India,Female,2022-02-11,False,2022-03-13,True,False,
927,hhutchinson@example.net,UK,Female,2022-09-08,False,2022-10-08,True,False,
928,feliciaalvarado@example.com,Canada,Male,2024-11-16,False,2024-12-16,True,False,
929,lriley@example.org,US,Male,2024-06-07,False,2024-07-07,False,True,2024-07-07
930,jacksoncatherine@example.org,UK,Female,2023-12-07,False,2024-01-06,False,True,2024-01-06
931,cindypierce@example.com,US,Female,2023-01-04,False,2023-02-03,True,False,
932,alyssa64@example.com,India,Female,2020-08-11,False,2020-09-10,True,False,
933,alexandragentry@example.org,France,Female,2021-12-28,False,2022-01-27,True,False,
934,hhoffman@example.com,India,Male,2023-02-27,False,2023-03-29,False,True,2023-03-29
935,owarren@example.org,India,Female,2023-10-19,False,2023-11-18,True,False,
936,patrick73@example.com,UK,Male,2021-11-10,False,2021-12-10,False,True,2021-12-10
937,luisjones@example.com,India,Female,2022-05-31,False,2022-06-30,False,True,2023-02-25
938,tracy12@example.org,US,Female,2022-11-11,False,2022-12-11,True,False,
939,jacob24@example.org,India,Female,2023-11-09,False,2023-12-09,True,False,
940,rachel24@example.com,India,Female,2022-03-12,False,2022-04-11,True,False,
941,hlin@example.com,US,Female,2023-11-15,False,2023-12-15,True,False,
942,andrew45@example.net,India,Female,2020-02-20,False,2020-03-21,True,False,
943,sherimiller@example.com,India,Male,2020-06-24,False,2020-07-24,True,False,
944,amykelly@example.net,India,Male,2020-10-17,False,2020-11-16,True,False,
945,hernandezwilliam@example.com,US,Non-Binary,2024-05-25,False,2024-06-24,True,False,
946,destiny81@example.org,India,Male,2022-09-02,False,2022-10-02,True,False,
947,marshmark@example.com,UK,Male,2022-07-15,False,2022-08-14,True,False,
948,henrycurtis@example.net,India,Female,2024-07-17,False,2024-08-16,False,True,2024-12-31
949,robertwalker@example.net,India,Male,2023-08-20,False,2023-09-19,True,False,
950,rjohnson@example.com,India,Female,2024-02-25,False,2024-03-26,True,False,
951,valeriejones@example.net,India,Male,2020-11-23,False,2020-12-23,True,False,
952,agraham@example.org,US,Male,2022-08-04,False,2022-09-03,True,False,
953,michael43@example.com,US,Male,2021-01-12,False,2021-02-11,True,False,
954,christopher26@example.org,Australia,Male,2022-03-21,False,2022-04-20,True,False,
955,carla45@example.com,India,Male,2021-02-08,False,2021-03-10,True,False,
956,ymontgomery@example.net,India,Female,2020-01-10,False,2020-02-09,True,False,
957,brittany86@example.org,Japan,Male,2024-03-20,False,2024-04-19,True,False,
958,ssmith@example.com,India,Female,2023-03-28,False,2023-04-27,True,False,
959,robert77@example.org,Canada,Female,2021-01-17,False,2021-02-16,True,False,
960,bonillarobert@example.com,India,Male,2020-08-21,False,2020-09-20,True,False,
961,keithfoster@example.com,US,Male,2022-12-16,False,2023-01-15,False,True,2023-01-15
962,stephaniewatson@example.org,India,Male,2021-10-03,False,2021-11-02,True,False,
963,currygregory@example.org,US,Male,2023-04-17,False,2023-05-17,True,False,
964,lindasimmons@example.net,India,Female,2022-07-26,False,2022-08-25,True,False,
965,andrewberry@example.net,India,Male,2023-12-16,False,2024-01-15,False,True,2024-01-15
966,luis92@example.net,India,Female,2023-06-12,False,2023-07-12,True,False,
967,gharris@example.com,India,Female,2021-10-03,False,2021-11-02,True,False,
968,bhogan@example.com,US,Female,2021-01-09,False,2021-02-08,False,True,2022-01-04
969,elliottjulie@example.org,India,Female,2022-05-06,False,2022-06-05,True,False,
970,barberbrian@example.org,India,Male,2022-05-16,False,2022-06-15,True,False,
971,yparker@example.net,India,Male,2023-11-21,False,2023-12-21,False,True,2023-12-21
972,bryanhodge@example.com,US,Female,2020-12-20,False,2021-01-19,True,False,
973,shorne@example.org,US,Female,2020-10-14,False,2020-11-13,True,False,
974,qschroeder@example.org,India,Male,2023-06-22,False,2023-07-22,True,False,
975,avilafrank@example.net,India,Male,2020-01-20,False,2020-02-19,True,False,
976,andersonjoshua@example.org,India,Male,2022-02-25,False,2022-03-27,False,True,2022-03-27
977,ryan83@example.org,India,Female,2022-11-01,False,2022-12-01,True,False,
978,gberg@example.com,Japan,Female,2022-10-04,False,2022-11-03,True,False,
979,mbaldwin@example.com,India,Male,2022-09-27,False,2022-10-27,True,False,
980,donaldsawyer@example.net,India,Female,2024-06-17,False,2024-07-17,True,False,
981,steven85@example.org,India,Male,2021-07-16,False,2021-08-15,True,False,
982,jonesgabrielle@example.com,UK,Male,2024-05-17,False,2024-06-16,True,False,
983,emilyandrews@example.com,India,Female,2024-04-17,False,2024-05-17,True,False,
984,pfranklin@example.com,India,Male,2023-03-18,False,2023-04-17,True,False,
985,ambercooley@example.net,India,Male,2024-08-13,False,2024-09-12,False,True,2024-09-12
986,kelseyjohns@example.com,India,Female,2023-01-15,False,2023-02-14,False,True,2023-02-14
987,phunt@example.net,India,Female,2020-03-26,False,2020-04-25,True,False,
988,bryan93@example.com,India,Female,2021-03-23,False,2021-04-22,False,True,2021-04-22
989,eallen@example.com,India,Male,2020-07-28,False,2020-08-27,True,False,
990,ruiznicole@example.org,UK,Female,2021-05-21,False,2021-06-20,True,False,
991,barbara25@example.net,India,Female,2022-07-10,False,2022-08-09,True,False,
992,vmccall@example.net,India,Female,2020-06-27,False,2020-07-27,True,False,
993,mary56@example.net,India,Male,2024-05-07,False,2024-06-06,False,True,2024-06-06
994,baldwincaroline@example.com,US,Female,2021-03-05,False,2021-04-04,False,True,2021-04-04
995,josephlloyd@example.net,India,Female,2023-04-19,False,2023-05-19,True,False,
996,melissajordan@example.com,US,Male,2023-06-03,False,2023-07-03,True,False,
997,hernandezfrank@example.org,India,Male,2020-10-12,False,2020-11-11,True,False,
998,makayla25@example.org,US,Female,2024-07-07,False,2024-08-06,True,False,
999,danieltyler@example.net,Australia,Male,2021-07-29,False,2021-08-28,True,False,
1000,rdalton@example.com,India,Male,2023-12-12,False,2024-01-11,True,False,
